{"cameraMode":{"drawMode":0,"name":"Shaded","section":"Shading Mode"},"sceneLighting":false,"audioPlay":false,"sceneViewState":{"m_AlwaysRefresh":true,"showFog":true,"showSkybox":false,"showFlares":true,"showImageEffects":true,"showParticleSystems":true,"showVisualEffectGraphs":true,"m_FxEnabled":true},"in2DMode":false,"pivot":{"x":-0.017499983310699464,"y":0.7402927875518799,"z":0.1874210238456726},"rotation":{"x":-0.12371382117271424,"y":0.6959982514381409,"z":-0.12364017218351364,"w":-0.6964168548583984},"size":0.8817746639251709,"orthographic":false}